,Flight Number,time,Scheduled Time,Category,Pax,minutes,Airline,pax_type,checkin_queue_length,start_checkin_queue,end_checkin_queue,end_checkin_process,wait_time_checkin
0,7C 1383,2020-10-13 11:03:05,2020-10-13 16:30:00,LCC,1,663.0833333333334,7C,tradi,0,2020-10-13 14:00:00,2020-10-13 14:00:00,2020-10-13 14:01:39,0 days 00:00:00
1,7C 1383,2020-10-13 11:14:30,2020-10-13 16:30:00,LCC,1,674.5,7C,tradi,0,2020-10-13 14:00:00,2020-10-13 14:00:00,2020-10-13 14:01:39,0 days 00:00:00
2,7C 1383,2020-10-13 11:22:43,2020-10-13 16:30:00,LCC,1,682.7166666666667,7C,tradi,0,2020-10-13 14:00:00,2020-10-13 14:00:00,2020-10-13 14:01:39,0 days 00:00:00
3,7C 1383,2020-10-13 11:29:15,2020-10-13 16:30:00,LCC,1,689.25,7C,tradi,0,2020-10-13 14:00:00,2020-10-13 14:00:00,2020-10-13 14:01:39,0 days 00:00:00
4,7C 1383,2020-10-13 11:34:43,2020-10-13 16:30:00,LCC,1,694.7166666666667,7C,tradi,1,2020-10-13 14:00:00,2020-10-13 14:01:39,2020-10-13 14:03:19,0 days 00:01:39
5,7C 1383,2020-10-13 11:39:26,2020-10-13 16:30:00,LCC,1,699.4333333333333,7C,tradi,2,2020-10-13 14:00:00,2020-10-13 14:01:39,2020-10-13 14:03:19,0 days 00:01:39
6,7C 1383,2020-10-13 11:43:36,2020-10-13 16:30:00,LCC,1,703.6,7C,tradi,3,2020-10-13 14:00:00,2020-10-13 14:01:39,2020-10-13 14:03:19,0 days 00:01:39
7,7C 1383,2020-10-13 11:47:21,2020-10-13 16:30:00,LCC,1,707.35,7C,tradi,4,2020-10-13 14:00:00,2020-10-13 14:01:39,2020-10-13 14:03:19,0 days 00:01:39
8,7C 1383,2020-10-13 11:50:47,2020-10-13 16:30:00,LCC,1,710.7833333333333,7C,tradi,5,2020-10-13 14:00:00,2020-10-13 14:03:19,2020-10-13 14:04:59,0 days 00:03:19
9,7C 1383,2020-10-13 11:53:57,2020-10-13 16:30:00,LCC,1,713.95,7C,tradi,6,2020-10-13 14:00:00,2020-10-13 14:03:19,2020-10-13 14:04:59,0 days 00:03:19
10,7C 1383,2020-10-13 11:56:54,2020-10-13 16:30:00,LCC,1,716.9,7C,tradi,7,2020-10-13 14:00:00,2020-10-13 14:03:19,2020-10-13 14:04:59,0 days 00:03:19
11,7C 1383,2020-10-13 11:59:37,2020-10-13 16:30:00,LCC,1,719.6166666666667,7C,tradi,8,2020-10-13 14:00:00,2020-10-13 14:03:19,2020-10-13 14:04:59,0 days 00:03:19
12,7C 1383,2020-10-13 12:02:13,2020-10-13 16:30:00,LCC,1,722.2166666666667,7C,tradi,9,2020-10-13 14:00:00,2020-10-13 14:04:59,2020-10-13 14:06:39,0 days 00:04:59
13,7C 1383,2020-10-13 12:04:41,2020-10-13 16:30:00,LCC,1,724.6833333333333,7C,tradi,10,2020-10-13 14:00:00,2020-10-13 14:04:59,2020-10-13 14:06:39,0 days 00:04:59
14,7C 1383,2020-10-13 12:07:00,2020-10-13 16:30:00,LCC,1,727.0,7C,tradi,11,2020-10-13 14:00:00,2020-10-13 14:04:59,2020-10-13 14:06:39,0 days 00:04:59
15,7C 1383,2020-10-13 12:09:13,2020-10-13 16:30:00,LCC,1,729.2166666666667,7C,tradi,12,2020-10-13 14:00:00,2020-10-13 14:04:59,2020-10-13 14:06:39,0 days 00:04:59
16,7C 1383,2020-10-13 12:11:21,2020-10-13 16:30:00,LCC,1,731.35,7C,tradi,13,2020-10-13 14:00:00,2020-10-13 14:06:39,2020-10-13 14:08:19,0 days 00:06:39
17,7C 1383,2020-10-13 12:13:23,2020-10-13 16:30:00,LCC,1,733.3833333333333,7C,tradi,14,2020-10-13 14:00:00,2020-10-13 14:06:39,2020-10-13 14:08:19,0 days 00:06:39
18,7C 1383,2020-10-13 12:15:22,2020-10-13 16:30:00,LCC,1,735.3666666666667,7C,tradi,15,2020-10-13 14:00:00,2020-10-13 14:06:39,2020-10-13 14:08:19,0 days 00:06:39
19,7C 1383,2020-10-13 12:17:14,2020-10-13 16:30:00,LCC,1,737.2333333333333,7C,tradi,16,2020-10-13 14:00:00,2020-10-13 14:06:39,2020-10-13 14:08:19,0 days 00:06:39
20,7C 1383,2020-10-13 12:19:06,2020-10-13 16:30:00,LCC,1,739.1,7C,tradi,17,2020-10-13 14:00:00,2020-10-13 14:08:19,2020-10-13 14:09:59,0 days 00:08:19
21,7C 1383,2020-10-13 12:20:51,2020-10-13 16:30:00,LCC,1,740.85,7C,tradi,18,2020-10-13 14:00:00,2020-10-13 14:08:19,2020-10-13 14:09:59,0 days 00:08:19
22,7C 1383,2020-10-13 12:22:35,2020-10-13 16:30:00,LCC,1,742.5833333333334,7C,tradi,19,2020-10-13 14:00:00,2020-10-13 14:08:19,2020-10-13 14:09:59,0 days 00:08:19
23,7C 1383,2020-10-13 12:24:14,2020-10-13 16:30:00,LCC,1,744.2333333333333,7C,tradi,20,2020-10-13 14:00:00,2020-10-13 14:08:19,2020-10-13 14:09:59,0 days 00:08:19
24,7C 1383,2020-10-13 12:25:53,2020-10-13 16:30:00,LCC,1,745.8833333333333,7C,tradi,21,2020-10-13 14:00:00,2020-10-13 14:09:59,2020-10-13 14:11:39,0 days 00:09:59
25,7C 1383,2020-10-13 12:27:27,2020-10-13 16:30:00,LCC,1,747.45,7C,tradi,22,2020-10-13 14:00:00,2020-10-13 14:09:59,2020-10-13 14:11:39,0 days 00:09:59
26,7C 1383,2020-10-13 12:29:00,2020-10-13 16:30:00,LCC,1,749.0,7C,tradi,23,2020-10-13 14:00:00,2020-10-13 14:09:59,2020-10-13 14:11:39,0 days 00:09:59
27,7C 1383,2020-10-13 12:30:31,2020-10-13 16:30:00,LCC,1,750.5166666666667,7C,tradi,24,2020-10-13 14:00:00,2020-10-13 14:09:59,2020-10-13 14:11:39,0 days 00:09:59
28,7C 1383,2020-10-13 12:31:59,2020-10-13 16:30:00,LCC,1,751.9833333333333,7C,tradi,25,2020-10-13 14:00:00,2020-10-13 14:11:39,2020-10-13 14:13:19,0 days 00:11:39
29,7C 1383,2020-10-13 12:33:27,2020-10-13 16:30:00,LCC,1,753.45,7C,tradi,26,2020-10-13 14:00:00,2020-10-13 14:11:39,2020-10-13 14:13:19,0 days 00:11:39
30,7C 1383,2020-10-13 12:34:51,2020-10-13 16:30:00,LCC,1,754.85,7C,tradi,27,2020-10-13 14:00:00,2020-10-13 14:11:39,2020-10-13 14:13:19,0 days 00:11:39
31,7C 1383,2020-10-13 12:36:14,2020-10-13 16:30:00,LCC,1,756.2333333333333,7C,tradi,28,2020-10-13 14:00:00,2020-10-13 14:11:39,2020-10-13 14:13:19,0 days 00:11:39
32,7C 1383,2020-10-13 12:37:37,2020-10-13 16:30:00,LCC,1,757.6166666666667,7C,tradi,29,2020-10-13 14:00:00,2020-10-13 14:13:19,2020-10-13 14:14:59,0 days 00:13:19
33,7C 1383,2020-10-13 12:38:56,2020-10-13 16:30:00,LCC,1,758.9333333333333,7C,tradi,30,2020-10-13 14:00:00,2020-10-13 14:13:19,2020-10-13 14:14:59,0 days 00:13:19
34,7C 1383,2020-10-13 12:40:16,2020-10-13 16:30:00,LCC,1,760.2666666666667,7C,tradi,31,2020-10-13 14:00:00,2020-10-13 14:13:19,2020-10-13 14:14:59,0 days 00:13:19
35,7C 1383,2020-10-13 12:41:33,2020-10-13 16:30:00,LCC,1,761.55,7C,tradi,32,2020-10-13 14:00:00,2020-10-13 14:13:19,2020-10-13 14:14:59,0 days 00:13:19
36,7C 1383,2020-10-13 12:42:49,2020-10-13 16:30:00,LCC,1,762.8166666666667,7C,tradi,33,2020-10-13 14:00:00,2020-10-13 14:14:59,2020-10-13 14:16:39,0 days 00:14:59
37,7C 1383,2020-10-13 12:44:05,2020-10-13 16:30:00,LCC,1,764.0833333333334,7C,tradi,34,2020-10-13 14:00:00,2020-10-13 14:14:59,2020-10-13 14:16:39,0 days 00:14:59
38,7C 1383,2020-10-13 12:45:19,2020-10-13 16:30:00,LCC,1,765.3166666666667,7C,tradi,35,2020-10-13 14:00:00,2020-10-13 14:14:59,2020-10-13 14:16:39,0 days 00:14:59
39,7C 1383,2020-10-13 12:46:32,2020-10-13 16:30:00,LCC,1,766.5333333333333,7C,tradi,36,2020-10-13 14:00:00,2020-10-13 14:14:59,2020-10-13 14:16:39,0 days 00:14:59
40,7C 1383,2020-10-13 12:47:45,2020-10-13 16:30:00,LCC,1,767.75,7C,tradi,37,2020-10-13 14:00:00,2020-10-13 14:16:39,2020-10-13 14:18:19,0 days 00:16:39
41,7C 1383,2020-10-13 12:48:56,2020-10-13 16:30:00,LCC,1,768.9333333333333,7C,tradi,38,2020-10-13 14:00:00,2020-10-13 14:16:39,2020-10-13 14:18:19,0 days 00:16:39
42,7C 1383,2020-10-13 12:50:06,2020-10-13 16:30:00,LCC,1,770.1,7C,tradi,39,2020-10-13 14:00:00,2020-10-13 14:16:39,2020-10-13 14:18:19,0 days 00:16:39
43,7C 1383,2020-10-13 12:51:16,2020-10-13 16:30:00,LCC,1,771.2666666666667,7C,tradi,40,2020-10-13 14:00:00,2020-10-13 14:16:39,2020-10-13 14:18:19,0 days 00:16:39
44,7C 1383,2020-10-13 12:52:25,2020-10-13 16:30:00,LCC,1,772.4166666666666,7C,tradi,41,2020-10-13 14:00:00,2020-10-13 14:18:19,2020-10-13 14:19:59,0 days 00:18:19
45,7C 1383,2020-10-13 12:53:32,2020-10-13 16:30:00,LCC,1,773.5333333333333,7C,tradi,42,2020-10-13 14:00:00,2020-10-13 14:18:19,2020-10-13 14:19:59,0 days 00:18:19
46,7C 1383,2020-10-13 12:54:40,2020-10-13 16:30:00,LCC,1,774.6666666666666,7C,tradi,43,2020-10-13 14:00:00,2020-10-13 14:18:19,2020-10-13 14:19:59,0 days 00:18:19
47,7C 1383,2020-10-13 12:55:47,2020-10-13 16:30:00,LCC,1,775.7833333333333,7C,tradi,44,2020-10-13 14:00:00,2020-10-13 14:18:19,2020-10-13 14:19:59,0 days 00:18:19
48,7C 1383,2020-10-13 12:56:52,2020-10-13 16:30:00,LCC,1,776.8666666666667,7C,tradi,45,2020-10-13 14:00:00,2020-10-13 14:19:59,2020-10-13 14:21:39,0 days 00:19:59
49,7C 1383,2020-10-13 12:57:58,2020-10-13 16:30:00,LCC,1,777.9666666666667,7C,tradi,46,2020-10-13 14:00:00,2020-10-13 14:19:59,2020-10-13 14:21:39,0 days 00:19:59
50,7C 1383,2020-10-13 12:59:03,2020-10-13 16:30:00,LCC,1,779.05,7C,tradi,47,2020-10-13 14:00:00,2020-10-13 14:19:59,2020-10-13 14:21:39,0 days 00:19:59
51,7C 1383,2020-10-13 13:00:07,2020-10-13 16:30:00,LCC,1,780.1166666666667,7C,tradi,48,2020-10-13 14:00:00,2020-10-13 14:19:59,2020-10-13 14:21:39,0 days 00:19:59
52,7C 1383,2020-10-13 13:01:11,2020-10-13 16:30:00,LCC,1,781.1833333333333,7C,tradi,49,2020-10-13 14:00:00,2020-10-13 14:21:39,2020-10-13 14:23:19,0 days 00:21:39
53,7C 1383,2020-10-13 13:02:14,2020-10-13 16:30:00,LCC,1,782.2333333333333,7C,tradi,50,2020-10-13 14:00:00,2020-10-13 14:21:39,2020-10-13 14:23:19,0 days 00:21:39
54,7C 1383,2020-10-13 13:03:17,2020-10-13 16:30:00,LCC,1,783.2833333333333,7C,tradi,51,2020-10-13 14:00:00,2020-10-13 14:21:39,2020-10-13 14:23:19,0 days 00:21:39
55,7C 1383,2020-10-13 13:04:19,2020-10-13 16:30:00,LCC,1,784.3166666666667,7C,tradi,52,2020-10-13 14:00:00,2020-10-13 14:21:39,2020-10-13 14:23:19,0 days 00:21:39
56,7C 1383,2020-10-13 13:05:21,2020-10-13 16:30:00,LCC,1,785.35,7C,tradi,53,2020-10-13 14:00:00,2020-10-13 14:23:19,2020-10-13 14:24:59,0 days 00:23:19
57,7C 1383,2020-10-13 13:06:23,2020-10-13 16:30:00,LCC,1,786.3833333333333,7C,tradi,54,2020-10-13 14:00:00,2020-10-13 14:23:19,2020-10-13 14:24:59,0 days 00:23:19
58,7C 1383,2020-10-13 13:07:23,2020-10-13 16:30:00,LCC,1,787.3833333333333,7C,tradi,55,2020-10-13 14:00:00,2020-10-13 14:23:19,2020-10-13 14:24:59,0 days 00:23:19
59,7C 1383,2020-10-13 13:08:24,2020-10-13 16:30:00,LCC,1,788.4,7C,tradi,56,2020-10-13 14:00:00,2020-10-13 14:23:19,2020-10-13 14:24:59,0 days 00:23:19
60,7C 1383,2020-10-13 13:09:24,2020-10-13 16:30:00,LCC,1,789.4,7C,tradi,57,2020-10-13 14:00:00,2020-10-13 14:24:59,2020-10-13 14:26:39,0 days 00:24:59
61,7C 1383,2020-10-13 13:10:24,2020-10-13 16:30:00,LCC,1,790.4,7C,tradi,58,2020-10-13 14:00:00,2020-10-13 14:24:59,2020-10-13 14:26:39,0 days 00:24:59
62,7C 1383,2020-10-13 13:11:24,2020-10-13 16:30:00,LCC,1,791.4,7C,tradi,59,2020-10-13 14:00:00,2020-10-13 14:24:59,2020-10-13 14:26:39,0 days 00:24:59
63,7C 1383,2020-10-13 13:12:23,2020-10-13 16:30:00,LCC,1,792.3833333333333,7C,tradi,60,2020-10-13 14:00:00,2020-10-13 14:24:59,2020-10-13 14:26:39,0 days 00:24:59
64,7C 1383,2020-10-13 13:13:22,2020-10-13 16:30:00,LCC,1,793.3666666666667,7C,tradi,61,2020-10-13 14:00:00,2020-10-13 14:26:39,2020-10-13 14:28:19,0 days 00:26:39
65,7C 1383,2020-10-13 13:14:21,2020-10-13 16:30:00,LCC,1,794.35,7C,tradi,62,2020-10-13 14:00:00,2020-10-13 14:26:39,2020-10-13 14:28:19,0 days 00:26:39
66,7C 1383,2020-10-13 13:15:19,2020-10-13 16:30:00,LCC,1,795.3166666666667,7C,tradi,63,2020-10-13 14:00:00,2020-10-13 14:26:39,2020-10-13 14:28:19,0 days 00:26:39
67,7C 1383,2020-10-13 13:16:18,2020-10-13 16:30:00,LCC,1,796.3,7C,tradi,64,2020-10-13 14:00:00,2020-10-13 14:26:39,2020-10-13 14:28:19,0 days 00:26:39
68,7C 1383,2020-10-13 13:17:16,2020-10-13 16:30:00,LCC,1,797.2666666666667,7C,tradi,65,2020-10-13 14:00:00,2020-10-13 14:28:19,2020-10-13 14:29:59,0 days 00:28:19
69,7C 1383,2020-10-13 13:18:14,2020-10-13 16:30:00,LCC,1,798.2333333333333,7C,tradi,66,2020-10-13 14:00:00,2020-10-13 14:28:19,2020-10-13 14:29:59,0 days 00:28:19
70,7C 1383,2020-10-13 13:19:12,2020-10-13 16:30:00,LCC,1,799.2,7C,tradi,67,2020-10-13 14:00:00,2020-10-13 14:28:19,2020-10-13 14:29:59,0 days 00:28:19
71,7C 1383,2020-10-13 13:20:09,2020-10-13 16:30:00,LCC,1,800.15,7C,tradi,68,2020-10-13 14:00:00,2020-10-13 14:28:19,2020-10-13 14:29:59,0 days 00:28:19
72,7C 1383,2020-10-13 13:21:07,2020-10-13 16:30:00,LCC,1,801.1166666666667,7C,tradi,69,2020-10-13 14:00:00,2020-10-13 14:29:59,2020-10-13 14:31:39,0 days 00:29:59
73,7C 1383,2020-10-13 13:22:04,2020-10-13 16:30:00,LCC,1,802.0666666666667,7C,tradi,70,2020-10-13 14:00:00,2020-10-13 14:29:59,2020-10-13 14:31:39,0 days 00:29:59
74,7C 1383,2020-10-13 13:23:01,2020-10-13 16:30:00,LCC,1,803.0166666666667,7C,tradi,71,2020-10-13 14:00:00,2020-10-13 14:29:59,2020-10-13 14:31:39,0 days 00:29:59
75,7C 1383,2020-10-13 13:23:58,2020-10-13 16:30:00,LCC,1,803.9666666666667,7C,tradi,72,2020-10-13 14:00:00,2020-10-13 14:29:59,2020-10-13 14:31:39,0 days 00:29:59
76,7C 1383,2020-10-13 13:24:55,2020-10-13 16:30:00,LCC,1,804.9166666666666,7C,tradi,73,2020-10-13 14:00:00,2020-10-13 14:31:39,2020-10-13 14:33:19,0 days 00:31:39
77,7C 1383,2020-10-13 13:25:52,2020-10-13 16:30:00,LCC,1,805.8666666666667,7C,tradi,74,2020-10-13 14:00:00,2020-10-13 14:31:39,2020-10-13 14:33:19,0 days 00:31:39
78,7C 1383,2020-10-13 13:26:48,2020-10-13 16:30:00,LCC,1,806.8,7C,tradi,75,2020-10-13 14:00:00,2020-10-13 14:31:39,2020-10-13 14:33:19,0 days 00:31:39
79,7C 1383,2020-10-13 13:27:45,2020-10-13 16:30:00,LCC,1,807.75,7C,tradi,76,2020-10-13 14:00:00,2020-10-13 14:31:39,2020-10-13 14:33:19,0 days 00:31:39
80,7C 1383,2020-10-13 13:28:42,2020-10-13 16:30:00,LCC,1,808.7,7C,tradi,77,2020-10-13 14:00:00,2020-10-13 14:33:19,2020-10-13 14:34:59,0 days 00:33:19
81,7C 1383,2020-10-13 13:29:38,2020-10-13 16:30:00,LCC,1,809.6333333333333,7C,tradi,78,2020-10-13 14:00:00,2020-10-13 14:33:19,2020-10-13 14:34:59,0 days 00:33:19
82,7C 1383,2020-10-13 13:30:35,2020-10-13 16:30:00,LCC,1,810.5833333333334,7C,tradi,79,2020-10-13 14:00:00,2020-10-13 14:33:19,2020-10-13 14:34:59,0 days 00:33:19
83,7C 1383,2020-10-13 13:31:31,2020-10-13 16:30:00,LCC,1,811.5166666666667,7C,tradi,80,2020-10-13 14:00:00,2020-10-13 14:33:19,2020-10-13 14:34:59,0 days 00:33:19
84,7C 1383,2020-10-13 13:32:28,2020-10-13 16:30:00,LCC,1,812.4666666666667,7C,tradi,81,2020-10-13 14:00:00,2020-10-13 14:34:59,2020-10-13 14:36:39,0 days 00:34:59
85,7C 1383,2020-10-13 13:33:24,2020-10-13 16:30:00,LCC,1,813.4,7C,tradi,82,2020-10-13 14:00:00,2020-10-13 14:34:59,2020-10-13 14:36:39,0 days 00:34:59
86,7C 1383,2020-10-13 13:34:21,2020-10-13 16:30:00,LCC,1,814.35,7C,tradi,83,2020-10-13 14:00:00,2020-10-13 14:34:59,2020-10-13 14:36:39,0 days 00:34:59
87,7C 1383,2020-10-13 13:35:17,2020-10-13 16:30:00,LCC,1,815.2833333333333,7C,tradi,84,2020-10-13 14:00:00,2020-10-13 14:34:59,2020-10-13 14:36:39,0 days 00:34:59
88,7C 1383,2020-10-13 13:36:14,2020-10-13 16:30:00,LCC,1,816.2333333333333,7C,tradi,85,2020-10-13 14:00:00,2020-10-13 14:36:39,2020-10-13 14:38:19,0 days 00:36:39
89,7C 1383,2020-10-13 13:37:11,2020-10-13 16:30:00,LCC,1,817.1833333333333,7C,tradi,86,2020-10-13 14:00:00,2020-10-13 14:36:39,2020-10-13 14:38:19,0 days 00:36:39
90,7C 1383,2020-10-13 13:38:07,2020-10-13 16:30:00,LCC,1,818.1166666666667,7C,tradi,87,2020-10-13 14:00:00,2020-10-13 14:36:39,2020-10-13 14:38:19,0 days 00:36:39
91,7C 1383,2020-10-13 13:39:04,2020-10-13 16:30:00,LCC,1,819.0666666666667,7C,tradi,88,2020-10-13 14:00:00,2020-10-13 14:36:39,2020-10-13 14:38:19,0 days 00:36:39
92,7C 1383,2020-10-13 13:40:01,2020-10-13 16:30:00,LCC,1,820.0166666666667,7C,tradi,89,2020-10-13 14:00:00,2020-10-13 14:38:19,2020-10-13 14:39:59,0 days 00:38:19
93,7C 1383,2020-10-13 13:40:58,2020-10-13 16:30:00,LCC,1,820.9666666666667,7C,tradi,90,2020-10-13 14:00:00,2020-10-13 14:38:19,2020-10-13 14:39:59,0 days 00:38:19
94,7C 1383,2020-10-13 13:41:55,2020-10-13 16:30:00,LCC,1,821.9166666666666,7C,tradi,91,2020-10-13 14:00:00,2020-10-13 14:38:19,2020-10-13 14:39:59,0 days 00:38:19
95,7C 1383,2020-10-13 13:42:52,2020-10-13 16:30:00,LCC,1,822.8666666666667,7C,tradi,92,2020-10-13 14:00:00,2020-10-13 14:38:19,2020-10-13 14:39:59,0 days 00:38:19
96,7C 1383,2020-10-13 13:43:50,2020-10-13 16:30:00,LCC,1,823.8333333333334,7C,tradi,93,2020-10-13 14:00:00,2020-10-13 14:39:59,2020-10-13 14:41:39,0 days 00:39:59
97,7C 1383,2020-10-13 13:44:47,2020-10-13 16:30:00,LCC,1,824.7833333333333,7C,tradi,94,2020-10-13 14:00:00,2020-10-13 14:39:59,2020-10-13 14:41:39,0 days 00:39:59
98,7C 1383,2020-10-13 13:45:45,2020-10-13 16:30:00,LCC,1,825.75,7C,tradi,95,2020-10-13 14:00:00,2020-10-13 14:39:59,2020-10-13 14:41:39,0 days 00:39:59
99,7C 1383,2020-10-13 13:46:43,2020-10-13 16:30:00,LCC,1,826.7166666666667,7C,tradi,96,2020-10-13 14:00:00,2020-10-13 14:39:59,2020-10-13 14:41:39,0 days 00:39:59
100,7C 1383,2020-10-13 13:47:41,2020-10-13 16:30:00,LCC,1,827.6833333333333,7C,tradi,97,2020-10-13 14:00:00,2020-10-13 14:41:39,2020-10-13 14:43:19,0 days 00:41:39
101,7C 1383,2020-10-13 13:48:40,2020-10-13 16:30:00,LCC,1,828.6666666666666,7C,tradi,98,2020-10-13 14:00:00,2020-10-13 14:41:39,2020-10-13 14:43:19,0 days 00:41:39
102,7C 1383,2020-10-13 13:49:38,2020-10-13 16:30:00,LCC,1,829.6333333333333,7C,tradi,99,2020-10-13 14:00:00,2020-10-13 14:41:39,2020-10-13 14:43:19,0 days 00:41:39
103,7C 1383,2020-10-13 13:50:37,2020-10-13 16:30:00,LCC,1,830.6166666666667,7C,tradi,100,2020-10-13 14:00:00,2020-10-13 14:41:39,2020-10-13 14:43:19,0 days 00:41:39
104,7C 1383,2020-10-13 13:51:36,2020-10-13 16:30:00,LCC,1,831.6,7C,tradi,101,2020-10-13 14:00:00,2020-10-13 14:43:19,2020-10-13 14:44:59,0 days 00:43:19
105,7C 1383,2020-10-13 13:52:35,2020-10-13 16:30:00,LCC,1,832.5833333333334,7C,tradi,102,2020-10-13 14:00:00,2020-10-13 14:43:19,2020-10-13 14:44:59,0 days 00:43:19
106,7C 1383,2020-10-13 13:53:35,2020-10-13 16:30:00,LCC,1,833.5833333333334,7C,tradi,103,2020-10-13 14:00:00,2020-10-13 14:43:19,2020-10-13 14:44:59,0 days 00:43:19
107,7C 1383,2020-10-13 13:54:35,2020-10-13 16:30:00,LCC,1,834.5833333333334,7C,tradi,104,2020-10-13 14:00:00,2020-10-13 14:43:19,2020-10-13 14:44:59,0 days 00:43:19
108,7C 1383,2020-10-13 13:55:35,2020-10-13 16:30:00,LCC,1,835.5833333333334,7C,tradi,105,2020-10-13 14:00:00,2020-10-13 14:44:59,2020-10-13 14:46:39,0 days 00:44:59
109,7C 1383,2020-10-13 13:56:36,2020-10-13 16:30:00,LCC,1,836.6,7C,tradi,106,2020-10-13 14:00:00,2020-10-13 14:44:59,2020-10-13 14:46:39,0 days 00:44:59
110,7C 1383,2020-10-13 13:57:37,2020-10-13 16:30:00,LCC,1,837.6166666666667,7C,tradi,107,2020-10-13 14:00:00,2020-10-13 14:44:59,2020-10-13 14:46:39,0 days 00:44:59
111,7C 1383,2020-10-13 13:58:38,2020-10-13 16:30:00,LCC,1,838.6333333333333,7C,tradi,108,2020-10-13 14:00:00,2020-10-13 14:44:59,2020-10-13 14:46:39,0 days 00:44:59
112,7C 1383,2020-10-13 13:59:40,2020-10-13 16:30:00,LCC,1,839.6666666666666,7C,tradi,109,2020-10-13 14:00:00,2020-10-13 14:46:39,2020-10-13 14:48:19,0 days 00:46:39
113,7C 1383,2020-10-13 14:00:42,2020-10-13 16:30:00,LCC,1,840.7,7C,tradi,110,2020-10-13 14:00:42,2020-10-13 14:46:39,2020-10-13 14:48:19,0 days 00:45:57
114,7C 1383,2020-10-13 14:01:45,2020-10-13 16:30:00,LCC,1,841.75,7C,tradi,107,2020-10-13 14:01:45,2020-10-13 14:46:39,2020-10-13 14:48:19,0 days 00:44:54
115,7C 1383,2020-10-13 14:02:48,2020-10-13 16:30:00,LCC,1,842.8,7C,tradi,108,2020-10-13 14:02:47,2020-10-13 14:46:39,2020-10-13 14:48:19,0 days 00:43:52
116,7C 1383,2020-10-13 14:03:52,2020-10-13 16:30:00,LCC,1,843.8666666666667,7C,tradi,105,2020-10-13 14:03:52,2020-10-13 14:48:19,2020-10-13 14:49:59,0 days 00:44:27
117,7C 1383,2020-10-13 14:04:56,2020-10-13 16:30:00,LCC,1,844.9333333333333,7C,tradi,106,2020-10-13 14:04:55,2020-10-13 14:48:19,2020-10-13 14:49:59,0 days 00:43:24
118,7C 1383,2020-10-13 14:06:01,2020-10-13 16:30:00,LCC,1,846.0166666666667,7C,tradi,103,2020-10-13 14:06:00,2020-10-13 14:48:19,2020-10-13 14:49:59,0 days 00:42:19
119,7C 1383,2020-10-13 14:07:06,2020-10-13 16:30:00,LCC,1,847.1,7C,tradi,100,2020-10-13 14:07:06,2020-10-13 14:48:19,2020-10-13 14:49:59,0 days 00:41:13
120,7C 1383,2020-10-13 14:08:12,2020-10-13 16:30:00,LCC,1,848.2,7C,tradi,101,2020-10-13 14:08:12,2020-10-13 14:49:59,2020-10-13 14:51:39,0 days 00:41:47
121,7C 1383,2020-10-13 14:09:19,2020-10-13 16:30:00,LCC,1,849.3166666666667,7C,tradi,98,2020-10-13 14:09:19,2020-10-13 14:49:59,2020-10-13 14:51:39,0 days 00:40:40
122,7C 1383,2020-10-13 14:10:26,2020-10-13 16:30:00,LCC,1,850.4333333333333,7C,tradi,95,2020-10-13 14:10:25,2020-10-13 14:49:59,2020-10-13 14:51:39,0 days 00:39:34
123,7C 1383,2020-10-13 14:11:34,2020-10-13 16:30:00,LCC,1,851.5666666666667,7C,tradi,96,2020-10-13 14:11:34,2020-10-13 14:49:59,2020-10-13 14:51:39,0 days 00:38:25
124,7C 1383,2020-10-13 14:12:43,2020-10-13 16:30:00,LCC,1,852.7166666666667,7C,tradi,93,2020-10-13 14:12:43,2020-10-13 14:51:39,2020-10-13 14:53:19,0 days 00:38:56
125,7C 1383,2020-10-13 14:13:53,2020-10-13 16:30:00,LCC,1,853.8833333333333,7C,tradi,90,2020-10-13 14:13:52,2020-10-13 14:51:39,2020-10-13 14:53:19,0 days 00:37:47
126,7C 1383,2020-10-13 14:15:03,2020-10-13 16:30:00,LCC,1,855.05,7C,tradi,87,2020-10-13 14:15:02,2020-10-13 14:51:39,2020-10-13 14:53:19,0 days 00:36:37
127,7C 1383,2020-10-13 14:16:14,2020-10-13 16:30:00,LCC,1,856.2333333333333,7C,tradi,88,2020-10-13 14:16:14,2020-10-13 14:51:39,2020-10-13 14:53:19,0 days 00:35:25
128,7C 1383,2020-10-13 14:17:27,2020-10-13 16:30:00,LCC,1,857.45,7C,tradi,85,2020-10-13 14:17:27,2020-10-13 14:53:19,2020-10-13 14:54:59,0 days 00:35:52
129,7C 1383,2020-10-13 14:18:39,2020-10-13 16:30:00,LCC,1,858.65,7C,tradi,82,2020-10-13 14:18:38,2020-10-13 14:53:19,2020-10-13 14:54:59,0 days 00:34:41
130,7C 1383,2020-10-13 14:19:54,2020-10-13 16:30:00,LCC,1,859.9,7C,tradi,83,2020-10-13 14:19:53,2020-10-13 14:53:19,2020-10-13 14:54:59,0 days 00:33:26
131,7C 1383,2020-10-13 14:21:10,2020-10-13 16:30:00,LCC,1,861.1666666666666,7C,tradi,80,2020-10-13 14:21:09,2020-10-13 14:53:19,2020-10-13 14:54:59,0 days 00:32:10
132,7C 1383,2020-10-13 14:22:25,2020-10-13 16:30:00,LCC,1,862.4166666666666,7C,tradi,77,2020-10-13 14:22:24,2020-10-13 14:54:59,2020-10-13 14:56:39,0 days 00:32:35
133,7C 1383,2020-10-13 14:23:44,2020-10-13 16:30:00,LCC,1,863.7333333333333,7C,tradi,74,2020-10-13 14:23:44,2020-10-13 14:54:59,2020-10-13 14:56:39,0 days 00:31:15
134,7C 1383,2020-10-13 14:25:03,2020-10-13 16:30:00,LCC,1,865.05,7C,tradi,71,2020-10-13 14:25:02,2020-10-13 14:54:59,2020-10-13 14:56:39,0 days 00:29:57
135,7C 1383,2020-10-13 14:26:22,2020-10-13 16:30:00,LCC,1,866.3666666666667,7C,tradi,72,2020-10-13 14:26:22,2020-10-13 14:54:59,2020-10-13 14:56:39,0 days 00:28:37
136,7C 1383,2020-10-13 14:27:45,2020-10-13 16:30:00,LCC,1,867.75,7C,tradi,69,2020-10-13 14:27:45,2020-10-13 14:56:39,2020-10-13 14:58:19,0 days 00:28:54
137,7C 1383,2020-10-13 14:29:08,2020-10-13 16:30:00,LCC,1,869.1333333333333,7C,tradi,66,2020-10-13 14:29:07,2020-10-13 14:56:39,2020-10-13 14:58:19,0 days 00:27:32
138,7C 1383,2020-10-13 14:30:33,2020-10-13 16:30:00,LCC,1,870.55,7C,tradi,63,2020-10-13 14:30:32,2020-10-13 14:56:39,2020-10-13 14:58:19,0 days 00:26:07
139,7C 1383,2020-10-13 14:32:00,2020-10-13 16:30:00,LCC,1,872.0,7C,tradi,60,2020-10-13 14:32:00,2020-10-13 14:56:39,2020-10-13 14:58:19,0 days 00:24:39
140,7C 1383,2020-10-13 14:33:27,2020-10-13 16:30:00,LCC,1,873.45,7C,tradi,57,2020-10-13 14:33:27,2020-10-13 14:58:19,2020-10-13 14:59:59,0 days 00:24:52
141,7C 1383,2020-10-13 14:34:59,2020-10-13 16:30:00,LCC,1,874.9833333333333,7C,tradi,58,2020-10-13 14:34:59,2020-10-13 14:58:19,2020-10-13 14:59:59,0 days 00:23:20
142,7C 1383,2020-10-13 14:36:32,2020-10-13 16:30:00,LCC,1,876.5333333333333,7C,tradi,55,2020-10-13 14:36:31,2020-10-13 14:58:19,2020-10-13 14:59:59,0 days 00:21:48
143,7C 1383,2020-10-13 14:38:07,2020-10-13 16:30:00,LCC,1,878.1166666666667,7C,tradi,52,2020-10-13 14:38:07,2020-10-13 14:58:19,2020-10-13 14:59:59,0 days 00:20:12
144,7C 1383,2020-10-13 14:39:45,2020-10-13 16:30:00,LCC,1,879.75,7C,tradi,49,2020-10-13 14:39:45,2020-10-13 14:59:59,2020-10-13 15:01:39,0 days 00:20:14
145,7C 1383,2020-10-13 14:41:24,2020-10-13 16:30:00,LCC,1,881.4,7C,tradi,46,2020-10-13 14:41:23,2020-10-13 14:59:59,2020-10-13 15:01:39,0 days 00:18:36
146,7C 1383,2020-10-13 14:43:08,2020-10-13 16:30:00,LCC,1,883.1333333333333,7C,tradi,43,2020-10-13 14:43:07,2020-10-13 14:59:59,2020-10-13 15:01:39,0 days 00:16:52
147,7C 1383,2020-10-13 14:44:54,2020-10-13 16:30:00,LCC,1,884.9,7C,tradi,40,2020-10-13 14:44:53,2020-10-13 14:59:59,2020-10-13 15:01:39,0 days 00:15:06
148,7C 1383,2020-10-13 14:46:45,2020-10-13 16:30:00,LCC,1,886.75,7C,tradi,33,2020-10-13 14:46:45,2020-10-13 15:01:39,2020-10-13 15:03:19,0 days 00:14:54
149,7C 1383,2020-10-13 14:48:37,2020-10-13 16:30:00,LCC,1,888.6166666666667,7C,tradi,30,2020-10-13 14:48:37,2020-10-13 15:01:39,2020-10-13 15:03:19,0 days 00:13:02
150,7C 1383,2020-10-13 14:50:36,2020-10-13 16:30:00,LCC,1,890.6,7C,tradi,27,2020-10-13 14:50:36,2020-10-13 15:01:39,2020-10-13 15:03:19,0 days 00:11:03
151,7C 1383,2020-10-13 14:52:38,2020-10-13 16:30:00,LCC,1,892.6333333333333,7C,tradi,24,2020-10-13 14:52:37,2020-10-13 15:01:39,2020-10-13 15:03:19,0 days 00:09:02
152,7C 1383,2020-10-13 14:54:45,2020-10-13 16:30:00,LCC,1,894.75,7C,tradi,21,2020-10-13 14:54:45,2020-10-13 15:03:19,2020-10-13 15:04:59,0 days 00:08:34
153,7C 1383,2020-10-13 14:56:59,2020-10-13 16:30:00,LCC,1,896.9833333333333,7C,tradi,14,2020-10-13 14:56:59,2020-10-13 15:03:19,2020-10-13 15:04:59,0 days 00:06:20
154,7C 1383,2020-10-13 14:59:18,2020-10-13 16:30:00,LCC,1,899.3,7C,tradi,11,2020-10-13 14:59:17,2020-10-13 15:03:19,2020-10-13 15:04:59,0 days 00:04:02
155,7C 1383,2020-10-13 15:01:46,2020-10-13 16:30:00,LCC,1,901.7666666666667,7C,tradi,4,2020-10-13 15:01:45,2020-10-13 15:03:19,2020-10-13 15:04:59,0 days 00:01:34
156,7C 1383,2020-10-13 15:04:22,2020-10-13 16:30:00,LCC,1,904.3666666666667,7C,tradi,1,2020-10-13 15:04:22,2020-10-13 15:04:59,2020-10-13 15:06:39,0 days 00:00:37
157,7C 1383,2020-10-13 15:07:06,2020-10-13 16:30:00,LCC,1,907.1,7C,tradi,0,2020-10-13 15:07:06,2020-10-13 15:07:06,2020-10-13 15:08:45,0 days 00:00:00
158,7C 1383,2020-10-13 15:10:01,2020-10-13 16:30:00,LCC,1,910.0166666666667,7C,tradi,0,2020-10-13 15:10:00,2020-10-13 15:10:00,2020-10-13 15:11:40,0 days 00:00:00
159,7C 1383,2020-10-13 15:13:11,2020-10-13 16:30:00,LCC,1,913.1833333333333,7C,tradi,0,2020-10-13 15:13:10,2020-10-13 15:13:10,2020-10-13 15:14:50,0 days 00:00:00
160,7C 1383,2020-10-13 15:16:37,2020-10-13 16:30:00,LCC,1,916.6166666666667,7C,tradi,0,2020-10-13 15:16:37,2020-10-13 15:16:37,2020-10-13 15:18:16,0 days 00:00:00
161,7C 1383,2020-10-13 15:20:23,2020-10-13 16:30:00,LCC,1,920.3833333333333,7C,tradi,0,2020-10-13 15:20:22,2020-10-13 15:20:22,2020-10-13 15:22:02,0 days 00:00:00
162,7C 1383,2020-10-13 15:24:32,2020-10-13 16:30:00,LCC,1,924.5333333333333,7C,tradi,0,2020-10-13 15:24:31,2020-10-13 15:24:31,2020-10-13 15:26:11,0 days 00:00:00
163,7C 1383,2020-10-13 15:29:17,2020-10-13 16:30:00,LCC,1,929.2833333333333,7C,tradi,0,2020-10-13 15:29:16,2020-10-13 15:29:16,2020-10-13 15:30:56,0 days 00:00:00
164,7C 1383,2020-10-13 15:34:44,2020-10-13 16:30:00,LCC,1,934.7333333333333,7C,tradi,0,2020-10-13 15:34:44,2020-10-13 15:34:44,2020-10-13 15:36:23,0 days 00:00:00
165,7C 1383,2020-10-13 15:41:16,2020-10-13 16:30:00,LCC,1,941.2666666666667,7C,tradi,0,2020-10-13 15:41:15,2020-10-13 15:41:15,2020-10-13 15:42:55,0 days 00:00:00
166,7C 1383,2020-10-13 15:49:28,2020-10-13 16:30:00,LCC,1,949.4666666666667,7C,tradi,0,2020-10-13 15:49:28,2020-10-13 15:49:28,2020-10-13 15:51:07,0 days 00:00:00
167,7C 1383,2020-10-13 16:00:53,2020-10-13 16:30:00,LCC,1,960.8833333333333,7C,tradi,0,2020-10-13 16:00:52,2020-10-13 16:00:52,2020-10-13 16:02:32,0 days 00:00:00
